,Expiry,Tenor,Swap Rate
0,1,1,0.032006999122498325
1,1,2,0.03325922575092485
2,1,3,0.03401072632527025
3,1,5,0.03525547153280915
4,1,10,0.03842796422481647
5,5,1,0.03927403696809961
6,5,2,0.040074861094079504
7,5,3,0.04007224645784096
8,5,5,0.0410932287662861
9,5,10,0.043633645527300646
10,10,1,0.04218923714025949
11,10,2,0.043115736403082874
12,10,3,0.04409712498807848
13,10,5,0.04624901920945541
14,10,10,0.053457529143859775
